{
    "min_date": "July 19, 2021",
    "max_date": "September 17, 2021",
    "cf_avg_visitors": 436.3114754098361,
    "ga_avg_visitors": 109.26229508196721,
    "avg_visitors_scale": 4.172305624197787,
    "visitors_correlation": 0.8703163848341614,
    "cf_avg_pageviews": 891.016393442623,
    "ga_avg_pageviews": 143.327868852459,
    "pageviews_scale": 6.548841590611579,
    "pageviews_correlation": 0.4551500669279511
}